date,humidity_percentage,temperature_c,weather_condition
1/1/2020,76.33,2.77,Sunny
1/2/2020,84.15,4.67,Sunny
1/3/2020,96.32,7.05,Sunny
1/4/2020,95.59,7.83,Sunny
1/5/2020,75.02,3.59,Sunny
1/6/2020,78.29,4.03,Sunny
1/7/2020,78.75,3.71,Sunny
1/8/2020,78.2,2.07,Sunny
1/9/2020,66.22,-0.53,Snowy
1/10/2020,91.95,6.35,Sunny
1/11/2020,95.67,10.13,Windy
1/12/2020,83.19,11.68,Windy
1/13/2020,91.73,6.09,Sunny
1/14/2020,94.21,5.91,Sunny
1/15/2020,84.3,6.93,Sunny
1/16/2020,78.85,6.12,Sunny
1/17/2020,71.98,-2.05,Snowy
1/18/2020,77.51,-0.54,Snowy
1/19/2020,81.87,3.22,Sunny
1/20/2020,76.4,-2.68,Snowy
1/21/2020,76.61,-2.29,Snowy
1/22/2020,69.01,-0.19,Snowy
1/23/2020,66.98,3.47,Sunny
1/24/2020,80.68,5.19,Sunny
1/25/2020,97.3,6.11,Sunny
1/26/2020,84.92,4.11,Sunny
1/27/2020,83.58,3.66,Sunny
1/28/2020,80.24,2.78,Sunny
1/29/2020,73.57,1.1,Sunny
1/30/2020,72.38,0.35,Sunny
1/31/2020,81.08,4.1,Sunny
2/1/2020,93.82,3.82,Sunny
2/2/2020,87.66,3.25,Sunny
2/3/2020,85.07,5.9,Sunny
2/4/2020,96.26,7.56,Sunny
2/5/2020,76.68,5.2,Sunny
2/6/2020,96.02,4.92,Sunny
2/7/2020,85.11,5.36,Sunny
2/8/2020,70.78,1.82,Sunny
2/9/2020,76.1,4.13,Sunny
2/10/2020,91.68,5.98,Sunny
2/11/2020,94.86,6.31,Sunny
2/12/2020,73.12,4.14,Sunny
2/13/2020,93.11,5.67,Sunny
2/14/2020,76.43,-0.97,Snowy
2/15/2020,70.77,-3.4,Snowy
2/16/2020,80.52,3.01,Sunny
2/17/2020,79.93,4.43,Sunny
2/18/2020,92.06,5.96,Sunny
2/19/2020,73.86,4.33,Sunny
2/20/2020,66.43,0.21,Sunny
2/21/2020,65.13,-1.57,Snowy
2/22/2020,70.3,2.62,Sunny
2/23/2020,77.96,4.23,Sunny
2/24/2020,93.66,5.52,Sunny
2/25/2020,96.9,6.35,Sunny
2/26/2020,96.44,6.33,Sunny
2/27/2020,74.27,4.1,Sunny
2/28/2020,70.18,1.61,Sunny
2/29/2020,69.54,-0.29,Snowy
3/1/2020,69.86,1.18,Sunny
3/2/2020,84.06,6.71,Sunny
3/3/2020,93.62,8.31,Sunny
3/4/2020,76.31,7.71,Sunny
3/5/2020,73.31,5.41,Sunny
3/6/2020,83.48,5.43,Sunny
3/7/2020,72.1,3.39,Sunny
3/8/2020,70.18,5.38,Sunny
3/9/2020,81.79,8.62,Sunny
3/10/2020,89.42,10.35,Windy
3/11/2020,75.09,7.6,Sunny
3/12/2020,90.55,6.89,Sunny
3/13/2020,84.27,10.54,Windy
3/14/2020,72.31,7.06,Sunny
3/15/2020,69.45,6.47,Sunny
3/16/2020,74.87,3.78,Sunny
3/17/2020,90.4,7.16,Sunny
3/18/2020,73.12,6.36,Sunny
3/19/2020,92.41,7.98,Sunny
3/20/2020,94.58,11.57,Windy
3/21/2020,68.95,6.81,Sunny
3/22/2020,71.34,3.1,Sunny
3/23/2020,88.82,4.41,Sunny
3/24/2020,81.49,5.95,Sunny
3/25/2020,88.14,5.73,Sunny
3/26/2020,81.73,6.45,Sunny
3/27/2020,75.62,10.37,Windy
3/28/2020,91.95,8.11,Sunny
3/29/2020,96.88,8.07,Sunny
3/30/2020,94.26,6.7,Sunny
3/31/2020,84.41,5.86,Sunny
4/1/2020,75.29,6.48,Sunny
4/2/2020,74.56,7.65,Sunny
4/3/2020,84.09,7.95,Sunny
4/4/2020,85.97,8.6,Sunny
4/5/2020,90.25,9.54,Sunny
4/6/2020,77.41,10.56,Windy
4/7/2020,80.16,9.69,Sunny
4/8/2020,89.3,10.93,Windy
4/9/2020,82.87,9.52,Sunny
4/10/2020,71.27,6.31,Sunny
4/11/2020,69.49,6.78,Sunny
4/12/2020,84.42,9.24,Sunny
4/13/2020,89.88,12.76,Windy
4/14/2020,73.9,9.17,Sunny
4/15/2020,69.42,7.28,Sunny
4/16/2020,66.32,6.35,Sunny
4/17/2020,68.99,5.81,Sunny
4/18/2020,84.44,6.36,Sunny
4/19/2020,79.17,8.13,Sunny
4/20/2020,80.2,8.56,Sunny
4/21/2020,83.99,8.93,Sunny
4/22/2020,63.64,5.7,Sunny
4/23/2020,71.71,5.69,Sunny
4/24/2020,93.88,8.17,Sunny
4/25/2020,86.11,8.84,Sunny
4/26/2020,92.9,8.32,Sunny
4/27/2020,83.81,7.17,Sunny
4/28/2020,76.34,9.4,Sunny
4/29/2020,89.35,9.53,Sunny
4/30/2020,93.7,11.64,Windy
5/1/2020,90.39,12.55,Windy
5/2/2020,76.26,13.01,Windy
5/3/2020,85.03,14.54,Windy
5/4/2020,77.06,13.02,Windy
5/5/2020,67.75,10.19,Windy
5/6/2020,87.35,8.93,Sunny
5/7/2020,73.06,11.17,Windy
5/8/2020,79.11,8.58,Sunny
5/9/2020,66.27,5.46,Sunny
5/10/2020,71.64,9.03,Sunny
5/11/2020,82.5,10.21,Windy
5/12/2020,67.79,9.14,Sunny
5/13/2020,67.36,9.63,Sunny
5/14/2020,80.89,11.45,Windy
5/15/2020,88.21,15.9,Cloudy
5/16/2020,82.51,15.72,Cloudy
5/17/2020,86.58,11.88,Windy
5/18/2020,86.77,12.31,Windy
5/19/2020,75.35,12.42,Windy
5/20/2020,73.52,11.03,Windy
5/21/2020,85.76,10.78,Windy
5/22/2020,92.05,14.14,Windy
5/23/2020,91.42,14.53,Windy
5/24/2020,83.32,12.66,Windy
5/25/2020,93.22,13.41,Windy
5/26/2020,93.52,14.86,Windy
5/27/2020,93.8,15.29,Cloudy
5/28/2020,95.71,16.51,Cloudy
5/29/2020,94.6,17.57,Cloudy
5/30/2020,82.02,18.53,Cloudy
5/31/2020,69.7,15.43,Cloudy
6/1/2020,67.35,14.68,Windy
6/2/2020,80.15,16.2,Cloudy
6/3/2020,91.28,18.87,Cloudy
6/4/2020,88.1,19.55,Cloudy
6/5/2020,93.96,19.06,Cloudy
6/6/2020,84.12,20.72,Rainy
6/7/2020,74.4,18.7,Cloudy
6/8/2020,73.96,18.52,Cloudy
6/9/2020,77.96,20.1,Rainy
6/10/2020,93.6,19.69,Cloudy
6/11/2020,94.25,19.92,Cloudy
6/12/2020,78.3,20.95,Rainy
6/13/2020,67.4,17.84,Cloudy
6/14/2020,74.45,16.38,Cloudy
6/15/2020,80.14,17.21,Cloudy
6/16/2020,79.4,17.8,Cloudy
6/17/2020,84.66,18.07,Cloudy
6/18/2020,92.77,18.61,Cloudy
6/19/2020,88.84,20.15,Rainy
6/20/2020,89.6,20.97,Rainy
6/21/2020,88.94,21.57,Rainy
6/22/2020,83.8,23.06,Rainy
6/23/2020,88.86,22.7,Rainy
6/24/2020,77.63,23.59,Rainy
6/25/2020,76.35,23.07,Rainy
6/26/2020,74.11,23.54,Rainy
6/27/2020,82.87,23.64,Rainy
6/28/2020,84.24,24.35,Rainy
6/29/2020,76.08,24.22,Rainy
6/30/2020,76.86,22.49,Rainy
7/1/2020,81.77,22.86,Rainy
7/2/2020,74.37,25.01,Rainy
7/3/2020,79.59,25.26,Rainy
7/4/2020,81.53,23.03,Rainy
7/5/2020,78.9,25.32,Rainy
7/6/2020,79.51,25.51,Rainy
7/7/2020,90.72,23.8,Rainy
7/8/2020,88.45,25.01,Rainy
7/9/2020,86.45,25.44,Rainy
7/10/2020,95.3,24.11,Rainy
7/11/2020,91.43,24.59,Rainy
7/12/2020,78.83,24.93,Rainy
7/13/2020,80.38,24.72,Rainy
7/14/2020,72.76,24.77,Rainy
7/15/2020,81.56,22.72,Rainy
7/16/2020,77.4,21.91,Rainy
7/17/2020,86.96,23.99,Rainy
7/18/2020,79.23,25.39,Rainy
7/19/2020,82.44,26.1,Rainy
7/20/2020,79.21,27.38,Rainy
7/21/2020,74.94,26.74,Rainy
7/22/2020,84.58,26.94,Rainy
7/23/2020,86.91,26.23,Rainy
7/24/2020,88.74,24.61,Rainy
7/25/2020,78.1,25.77,Rainy
7/26/2020,77.5,27.15,Rainy
7/27/2020,69.51,27.71,Cloudy
7/28/2020,74.7,27.83,Rainy
7/29/2020,73.82,26.84,Rainy
7/30/2020,76.01,26.55,Rainy
7/31/2020,86.61,24.16,Rainy
8/1/2020,75.69,25.54,Rainy
8/2/2020,86.44,26.04,Rainy
8/3/2020,77.6,26.3,Rainy
8/4/2020,87.79,24.85,Rainy
8/5/2020,78.91,24.9,Rainy
8/6/2020,80.04,22.84,Rainy
8/7/2020,89.62,22.83,Rainy
8/8/2020,88.6,23.08,Rainy
8/9/2020,86.14,23.95,Rainy
8/10/2020,83.96,25.2,Rainy
8/11/2020,88.57,25.08,Rainy
8/12/2020,88.59,25.54,Rainy
8/13/2020,90.25,24.45,Rainy
8/14/2020,79.14,24.85,Rainy
8/15/2020,72.11,23.79,Rainy
8/16/2020,86.48,21.58,Rainy
8/17/2020,80.39,22,Rainy
8/18/2020,76.28,23.65,Rainy
8/19/2020,76.35,22.82,Rainy
8/20/2020,65.48,22.02,Cloudy
8/21/2020,77.46,23.51,Rainy
8/22/2020,83.35,24.43,Rainy
8/23/2020,85.88,24.14,Rainy
8/24/2020,82.31,25.86,Rainy
8/25/2020,76.45,26.13,Rainy
8/26/2020,58.5,22.92,Windy
8/27/2020,71.52,25.64,Rainy
8/28/2020,82.35,24.8,Rainy
8/29/2020,92.6,24.51,Rainy
8/30/2020,66.28,22.83,Cloudy
8/31/2020,67.32,21.77,Cloudy
9/1/2020,83.63,22.37,Rainy
9/2/2020,90.98,23.87,Rainy
9/3/2020,83.52,25.11,Rainy
9/4/2020,77.83,24.6,Rainy
9/5/2020,60.95,22.08,Cloudy
9/6/2020,70.77,22.39,Rainy
9/7/2020,73.86,22.6,Rainy
9/8/2020,80.99,22.86,Rainy
9/9/2020,88.94,23.09,Rainy
9/10/2020,95.33,23.97,Rainy
9/11/2020,81.18,22.52,Rainy
9/12/2020,72.59,19.45,Cloudy
9/13/2020,79.27,21.64,Rainy
9/14/2020,70.7,21.65,Rainy
9/15/2020,66.52,16.36,Cloudy
9/16/2020,74.86,19.02,Cloudy
9/17/2020,84.68,20.53,Rainy
9/18/2020,73.07,18.94,Cloudy
9/19/2020,54.15,14.94,Windy
9/20/2020,56.09,14.82,Windy
9/21/2020,56.06,15.29,Windy
9/22/2020,55.77,16.73,Windy
9/23/2020,67.62,19.24,Cloudy
9/24/2020,77.8,19.2,Cloudy
9/25/2020,83.56,19.08,Cloudy
9/26/2020,87.52,20.06,Rainy
9/27/2020,91.99,21.32,Rainy
9/28/2020,91.54,20.95,Rainy
9/29/2020,93.19,20.95,Rainy
9/30/2020,77.69,19.26,Cloudy
10/1/2020,74.26,18.95,Cloudy
10/2/2020,67.4,16.41,Cloudy
10/3/2020,64.57,15.7,Cloudy
10/4/2020,69.14,16.33,Cloudy
10/5/2020,80.47,16.57,Cloudy
10/6/2020,74.55,17.35,Cloudy
10/7/2020,74.3,18.83,Cloudy
10/8/2020,64.31,15.43,Cloudy
10/9/2020,68.3,15.76,Cloudy
10/10/2020,84.25,18.29,Cloudy
10/11/2020,79.97,17.28,Cloudy
10/12/2020,86.47,14.49,Windy
10/13/2020,91.5,16.07,Cloudy
10/14/2020,76.2,15.35,Cloudy
10/15/2020,86.4,17.22,Cloudy
10/16/2020,90.37,15.16,Cloudy
10/17/2020,64.79,12.04,Windy
10/18/2020,63.68,14.55,Windy
10/19/2020,82.23,15.56,Cloudy
10/20/2020,95.68,17.27,Cloudy
10/21/2020,96.12,17.84,Cloudy
10/22/2020,94.24,17.94,Cloudy
10/23/2020,94.09,17.22,Cloudy
10/24/2020,85.14,16.32,Cloudy
10/25/2020,75.71,10.88,Windy
10/26/2020,92.9,15.1,Cloudy
10/27/2020,79.13,14.34,Windy
10/28/2020,85.55,15.17,Cloudy
10/29/2020,91.6,12.64,Windy
10/30/2020,88.34,7.15,Sunny
10/31/2020,70.46,5.91,Sunny
11/1/2020,82.88,11,Windy
11/2/2020,69.36,6.3,Sunny
11/3/2020,69.49,9.05,Sunny
11/4/2020,76.41,12.57,Windy
11/5/2020,94.74,14.02,Windy
11/6/2020,91.85,14.26,Windy
11/7/2020,85.23,14.24,Windy
11/8/2020,79.17,14.34,Windy
11/9/2020,76.94,14.95,Windy
11/10/2020,94.78,15.26,Cloudy
11/11/2020,96.84,16.93,Cloudy
11/12/2020,89.52,13.22,Windy
11/13/2020,90.88,10.7,Windy
11/14/2020,72.88,9.1,Sunny
11/15/2020,74.11,12.3,Windy
11/16/2020,68.87,9.92,Sunny
11/17/2020,76.07,6.88,Sunny
11/18/2020,72.83,2.47,Sunny
11/19/2020,68.59,5.6,Sunny
11/20/2020,80.78,11.12,Windy
11/21/2020,84.19,11.41,Windy
11/22/2020,85.18,10.85,Windy
11/23/2020,83.11,10.48,Windy
11/24/2020,70.64,7.12,Sunny
11/25/2020,80.08,10.56,Windy
11/26/2020,93.16,13.91,Windy
11/27/2020,86.24,11.35,Windy
11/28/2020,81.99,9.18,Sunny
11/29/2020,70.51,8.1,Sunny
11/30/2020,90.71,14.14,Windy
12/1/2020,81.1,9.22,Sunny
12/2/2020,78.31,5.26,Sunny
12/3/2020,75.53,6.37,Sunny
12/4/2020,85.47,9.09,Sunny
12/5/2020,88.09,6.58,Sunny
12/6/2020,77.6,3.33,Sunny
12/7/2020,76.33,2.44,Sunny
12/8/2020,80.26,1.63,Sunny
12/9/2020,83.17,3.15,Sunny
12/10/2020,82.42,5.46,Sunny
12/11/2020,87.25,8.03,Sunny
12/12/2020,98.6,10.24,Windy
12/13/2020,90.3,10.27,Windy
12/14/2020,86.45,4.63,Sunny
12/15/2020,72.99,2.3,Sunny
12/16/2020,83.55,1.62,Sunny
12/17/2020,91.29,0.64,Sunny
12/18/2020,80.85,-0.99,Snowy
12/19/2020,74.08,-1,Snowy
12/20/2020,79.07,3.47,Sunny
12/21/2020,90.59,4.04,Sunny
12/22/2020,86.91,4.51,Sunny
12/23/2020,77.42,4.14,Sunny
12/24/2020,89.46,11.17,Windy
12/25/2020,86.75,8.45,Sunny
12/26/2020,80.84,-0.9,Snowy
12/27/2020,72.6,1.08,Sunny
12/28/2020,85.99,6.09,Sunny
12/29/2020,73.39,2.2,Sunny
12/30/2020,75.47,3.11,Sunny
12/31/2020,86.89,5.68,Sunny
1/1/2021,85.01,3.72,Sunny
1/2/2021,88.02,6.28,Sunny
1/3/2021,92.54,4.21,Sunny
1/4/2021,87.46,3.82,Sunny
1/5/2021,81.72,3.44,Sunny
1/6/2021,81.5,2.47,Sunny
1/7/2021,79.04,1.69,Sunny
1/8/2021,80.34,0.95,Sunny
1/9/2021,77.66,0.18,Sunny
1/10/2021,78.2,1.32,Sunny
1/11/2021,79.94,1.15,Sunny
1/12/2021,78,2.74,Sunny
1/13/2021,75.66,3.36,Sunny
1/14/2021,90.98,4.57,Sunny
1/15/2021,94.54,5.68,Sunny
1/16/2021,90.29,6.05,Sunny
1/17/2021,81.23,3.77,Sunny
1/18/2021,81.83,4,Sunny
1/19/2021,80.23,2.74,Sunny
1/20/2021,75.6,1.72,Sunny
1/21/2021,75.32,1.97,Sunny
1/22/2021,80.14,3.81,Sunny
1/23/2021,72.39,-0.74,Snowy
1/24/2021,73.73,-1.64,Snowy
1/25/2021,71.5,-0.24,Snowy
1/26/2021,87.41,2,Sunny
1/27/2021,84.68,2.01,Sunny
1/28/2021,75.47,-1.54,Snowy
1/29/2021,78.25,-5.52,Snowy
1/30/2021,77.47,-3.86,Snowy
1/31/2021,81.31,-2.96,Snowy
2/1/2021,94.94,1.28,Sunny
2/2/2021,92.27,1.1,Sunny
2/3/2021,84.72,-0.05,Snowy
2/4/2021,84.12,0.66,Sunny
2/5/2021,88.16,3.45,Sunny
2/6/2021,77.02,2.34,Sunny
2/7/2021,90.19,1.42,Sunny
2/8/2021,72.85,-3.82,Snowy
2/9/2021,84.29,0.83,Sunny
2/10/2021,76.13,-1.62,Snowy
2/11/2021,81.38,-1.06,Snowy
2/12/2021,68.52,-2.75,Snowy
2/13/2021,79.19,-1.7,Snowy
2/14/2021,87.24,1.06,Sunny
2/15/2021,90.29,1.27,Sunny
2/16/2021,89.36,5.21,Sunny
2/17/2021,69.33,-1.63,Snowy
2/18/2021,85.34,-0.57,Snowy
2/19/2021,92.68,0.39,Sunny
2/20/2021,82.15,-1.16,Snowy
2/21/2021,74.1,-1.35,Snowy
2/22/2021,87.37,1.62,Sunny
2/23/2021,90.58,2.51,Sunny
2/24/2021,86.58,4.25,Sunny
2/25/2021,78.48,4.14,Sunny
2/26/2021,69.72,2.82,Sunny
2/27/2021,94.25,5.81,Sunny
2/28/2021,93.22,4.45,Sunny
3/1/2021,87.9,4.96,Sunny
3/2/2021,65.76,-1.33,Snowy
3/3/2021,79.27,3.7,Sunny
3/4/2021,75.25,2.7,Sunny
3/5/2021,67.59,-0.36,Snowy
3/6/2021,72.34,0.5,Sunny
3/7/2021,68.56,0.5,Sunny
3/8/2021,65.97,0.81,Sunny
3/9/2021,79.1,6.06,Sunny
3/10/2021,90.01,5.22,Sunny
3/11/2021,94.24,8.3,Sunny
3/12/2021,78.09,10.17,Windy
3/13/2021,65.8,3.75,Sunny
3/14/2021,68.83,4.19,Sunny
3/15/2021,61.35,-0.51,Snowy
3/16/2021,67.71,0.82,Sunny
3/17/2021,91.46,4.49,Sunny
3/18/2021,95.71,5.51,Sunny
3/19/2021,69.55,1.98,Sunny
3/20/2021,67.2,4.68,Sunny
3/21/2021,79.36,5.81,Sunny
3/22/2021,87.07,6.64,Sunny
3/23/2021,95.89,6.42,Sunny
3/24/2021,97.21,7.73,Sunny
3/25/2021,95.75,10.39,Windy
3/26/2021,85.91,12.47,Windy
3/27/2021,81.49,9.55,Sunny
3/28/2021,93.28,10.14,Windy
3/29/2021,69.24,7.43,Sunny
3/30/2021,82.32,7.74,Sunny
3/31/2021,93.12,10.14,Windy
4/1/2021,78.06,6.89,Sunny
4/2/2021,68.09,1.35,Sunny
4/3/2021,61.63,4.51,Sunny
4/4/2021,73.02,8.51,Sunny
4/5/2021,72.89,9.5,Sunny
4/6/2021,70.22,10.08,Windy
4/7/2021,78.49,10.42,Windy
4/8/2021,79.68,10.88,Windy
4/9/2021,91.8,8.83,Sunny
4/10/2021,94.02,11.22,Windy
4/11/2021,96.13,10.17,Windy
4/12/2021,90,8.02,Sunny
4/13/2021,80.47,9.93,Sunny
4/14/2021,87.23,10.96,Windy
4/15/2021,95.18,10.02,Windy
4/16/2021,81.29,7.86,Sunny
4/17/2021,77.95,8.76,Sunny
4/18/2021,80.95,10.4,Windy
4/19/2021,83.62,11.25,Windy
4/20/2021,84.08,11.87,Windy
4/21/2021,79.51,10.22,Windy
4/22/2021,65.88,5.46,Sunny
4/23/2021,68.99,8.35,Sunny
4/24/2021,77.07,10.8,Windy
4/25/2021,86.03,10.49,Windy
4/26/2021,66.7,8.5,Sunny
4/27/2021,70.22,9.77,Sunny
4/28/2021,89.87,14.8,Windy
4/29/2021,93.39,16.46,Cloudy
4/30/2021,71.88,13.5,Windy
5/1/2021,67.21,9.89,Sunny
5/2/2021,80.26,14.39,Windy
5/3/2021,93.22,12.37,Windy
5/4/2021,91.58,12.99,Windy
5/5/2021,92.74,12.24,Windy
5/6/2021,72.62,12.05,Windy
5/7/2021,80.55,11.33,Windy
5/8/2021,84.82,10.3,Windy
5/9/2021,83.76,10.22,Windy
5/10/2021,83.78,11.54,Windy
5/11/2021,75.39,11.98,Windy
5/12/2021,70.89,11.7,Windy
5/13/2021,69.1,13.02,Windy
5/14/2021,72.29,14.34,Windy
5/15/2021,77.32,14.79,Windy
5/16/2021,76.76,15.25,Cloudy
5/17/2021,79,15.9,Cloudy
5/18/2021,76.63,16.74,Cloudy
5/19/2021,73.89,18.7,Cloudy
5/20/2021,79.03,15.63,Cloudy
5/21/2021,81.77,16.19,Cloudy
5/22/2021,81.29,20.42,Rainy
5/23/2021,79.31,21.25,Rainy
5/24/2021,73.74,15.42,Cloudy
5/25/2021,79.1,16.35,Cloudy
5/26/2021,91.19,19.32,Cloudy
5/27/2021,77.11,20.16,Rainy
5/28/2021,77.48,14.63,Windy
5/29/2021,87.59,10.71,Windy
5/30/2021,90.83,11.35,Windy
5/31/2021,78.8,13.97,Windy
6/1/2021,81.61,15.92,Cloudy
6/2/2021,88.82,15.97,Cloudy
6/3/2021,95.59,17.14,Cloudy
6/4/2021,95.12,18.8,Cloudy
6/5/2021,85.7,20.92,Rainy
6/6/2021,85.13,21.83,Rainy
6/7/2021,92.37,21.12,Rainy
6/8/2021,95.59,21.37,Rainy
6/9/2021,88.55,22.81,Rainy
6/10/2021,79.94,20.11,Rainy
6/11/2021,82.54,17.6,Cloudy
6/12/2021,85.18,17.91,Cloudy
6/13/2021,81.78,18.4,Cloudy
6/14/2021,91.22,18.87,Cloudy
6/15/2021,83.18,20.63,Rainy
6/16/2021,70.57,19.35,Cloudy
6/17/2021,63.39,19.08,Cloudy
6/18/2021,77.36,19.92,Cloudy
6/19/2021,85.51,22.04,Rainy
6/20/2021,87.96,21.81,Rainy
6/21/2021,93.07,22.24,Rainy
6/22/2021,86.75,20.94,Rainy
6/23/2021,64.41,18.45,Cloudy
6/24/2021,70.68,19,Cloudy
6/25/2021,84.63,19.59,Cloudy
6/26/2021,92.79,21.78,Rainy
6/27/2021,89.31,23.05,Rainy
6/28/2021,85.95,24.39,Rainy
6/29/2021,82.81,25.33,Rainy
6/30/2021,84.14,25.46,Rainy
7/1/2021,87.67,23.91,Rainy
7/2/2021,88.99,21.86,Rainy
7/3/2021,87.24,18.73,Cloudy
7/4/2021,81.05,20.4,Rainy
7/5/2021,85.37,22.8,Rainy
7/6/2021,88.87,24.07,Rainy
7/7/2021,88.86,24.69,Rainy
7/8/2021,94.06,23.82,Rainy
7/9/2021,88.37,23.62,Rainy
7/10/2021,86.37,23.03,Rainy
7/11/2021,93.29,22.43,Rainy
7/12/2021,93.41,24.11,Rainy
7/13/2021,94.63,22.19,Rainy
7/14/2021,90.18,24.25,Rainy
7/15/2021,86.55,24.88,Rainy
7/16/2021,86.91,25.68,Rainy
7/17/2021,90.25,25.58,Rainy
7/18/2021,87.13,24.65,Rainy
7/19/2021,80.03,23.74,Rainy
7/20/2021,80.9,24.85,Rainy
7/21/2021,86.01,24.1,Rainy
7/22/2021,74.1,22.72,Rainy
7/23/2021,69.88,23.04,Cloudy
7/24/2021,78.12,22.92,Rainy
7/25/2021,88.76,23.65,Rainy
7/26/2021,80.52,25.32,Rainy
7/27/2021,79.77,24.8,Rainy
7/28/2021,81.98,23.34,Rainy
7/29/2021,88.88,23.03,Rainy
7/30/2021,76.36,23.41,Rainy
7/31/2021,65.06,20.48,Cloudy
8/1/2021,77.54,21.83,Rainy
8/2/2021,76.1,22.31,Rainy
8/3/2021,75.85,21.51,Rainy
8/4/2021,81,21.32,Rainy
8/5/2021,83.4,21.45,Rainy
8/6/2021,82.88,23.33,Rainy
8/7/2021,82.11,23.47,Rainy
8/8/2021,84.56,21.65,Rainy
8/9/2021,89.21,22.59,Rainy
8/10/2021,92.39,23.94,Rainy
8/11/2021,90.63,25.05,Rainy
8/12/2021,85.53,25.97,Rainy
8/13/2021,82.77,26.8,Rainy
8/14/2021,78.1,26.07,Rainy
8/15/2021,66.42,23.65,Cloudy
8/16/2021,72.92,23.8,Rainy
8/17/2021,79.07,24.09,Rainy
8/18/2021,92.81,24.59,Rainy
8/19/2021,87.15,26.07,Rainy
8/20/2021,81.9,24.97,Rainy
8/21/2021,89.53,24.37,Rainy
8/22/2021,90.91,24.04,Rainy
8/23/2021,90.26,24.78,Rainy
8/24/2021,80.32,25.68,Rainy
8/25/2021,79.35,26,Rainy
8/26/2021,85.33,26.05,Rainy
8/27/2021,81.4,27.29,Rainy
8/28/2021,83.96,23.39,Rainy
8/29/2021,88.89,22.88,Rainy
8/30/2021,91.56,24.44,Rainy
8/31/2021,82.01,24.73,Rainy
9/1/2021,91.69,23.37,Rainy
9/2/2021,75.42,20.41,Rainy
9/3/2021,74.46,19.42,Cloudy
9/4/2021,81.11,19.89,Cloudy
9/5/2021,90,21.58,Rainy
9/6/2021,83.07,22.64,Rainy
9/7/2021,82.28,21.2,Rainy
9/8/2021,89.67,22.86,Rainy
9/9/2021,91.21,21.32,Rainy
9/10/2021,76.09,19.89,Cloudy
9/11/2021,78.4,19.9,Cloudy
9/12/2021,85.92,21.96,Rainy
9/13/2021,84.18,23.23,Rainy
9/14/2021,85.73,21.8,Rainy
9/15/2021,93.18,23.44,Rainy
9/16/2021,92.73,22.23,Rainy
9/17/2021,92.45,21.98,Rainy
9/18/2021,83.9,23.17,Rainy
9/19/2021,71.63,21.03,Rainy
9/20/2021,73.26,20.23,Rainy
9/21/2021,83.04,21,Rainy
9/22/2021,94.02,22.78,Rainy
9/23/2021,91.68,23.12,Rainy
9/24/2021,70.11,19.13,Cloudy
9/25/2021,69.96,19.61,Cloudy
9/26/2021,72.81,19.03,Cloudy
9/27/2021,78.84,19.88,Cloudy
9/28/2021,88.33,20.02,Rainy
9/29/2021,68.37,16.97,Cloudy
9/30/2021,70.33,16.47,Cloudy
10/1/2021,67.91,16.18,Cloudy
10/2/2021,79.47,18.26,Cloudy
10/3/2021,87.15,19.87,Cloudy
10/4/2021,96.04,20.71,Rainy
10/5/2021,89.48,17.59,Cloudy
10/6/2021,80.91,18.5,Cloudy
10/7/2021,82.63,19.47,Cloudy
10/8/2021,87.99,19.4,Cloudy
10/9/2021,86.53,18.48,Cloudy
10/10/2021,90.49,18.83,Cloudy
10/11/2021,86.71,18.79,Cloudy
10/12/2021,87.74,18.45,Cloudy
10/13/2021,84.69,19.16,Cloudy
10/14/2021,84.59,20.06,Rainy
10/15/2021,88.58,20.23,Rainy
10/16/2021,90.71,20.11,Rainy
10/17/2021,76.92,15.09,Cloudy
10/18/2021,75.36,13.29,Windy
10/19/2021,72.51,14.56,Windy
10/20/2021,77.49,17.86,Cloudy
10/21/2021,86.98,17.84,Cloudy
10/22/2021,79.02,17.71,Cloudy
10/23/2021,73.85,14.08,Windy
10/24/2021,73.43,13.83,Windy
10/25/2021,92.43,18.83,Cloudy
10/26/2021,93.06,17,Cloudy
10/27/2021,80.62,14.39,Windy
10/28/2021,81.86,12.49,Windy
10/29/2021,82.36,13.65,Windy
10/30/2021,86.37,16.32,Cloudy
10/31/2021,86.04,15.11,Cloudy
11/1/2021,73.75,13.13,Windy
11/2/2021,75.64,10.63,Windy
11/3/2021,72.28,9.06,Sunny
11/4/2021,67.41,8.68,Sunny
11/5/2021,66.5,8.99,Sunny
11/6/2021,64.56,9.34,Sunny
11/7/2021,69.82,9.81,Sunny
11/8/2021,74.32,12.46,Windy
11/9/2021,84.39,13.71,Windy
11/10/2021,78.57,13.72,Windy
11/11/2021,77.49,13.05,Windy
11/12/2021,88.2,15.55,Cloudy
11/13/2021,82.31,11.12,Windy
11/14/2021,79.57,7.68,Sunny
11/15/2021,81.28,7.83,Sunny
11/16/2021,75.03,7.1,Sunny
11/17/2021,74.5,10.55,Windy
11/18/2021,90.09,14.18,Windy
11/19/2021,74.48,7.52,Sunny
11/20/2021,70.84,6.54,Sunny
11/21/2021,85.51,10.58,Windy
11/22/2021,82.17,9.09,Sunny
11/23/2021,75.84,3.74,Sunny
11/24/2021,72.21,4.38,Sunny
11/25/2021,75.09,8.12,Sunny
11/26/2021,81.27,7.03,Sunny
11/27/2021,73.94,3.54,Sunny
11/28/2021,76.02,5.19,Sunny
11/29/2021,77.57,4.59,Sunny
11/30/2021,76.51,4.3,Sunny
12/1/2021,73.93,6.9,Sunny
12/2/2021,88.04,11.17,Windy
12/3/2021,72.77,6.37,Sunny
12/4/2021,76.23,5.71,Sunny
12/5/2021,66.08,6.44,Sunny
12/6/2021,90.8,11.73,Windy
12/7/2021,67.26,4.66,Sunny
12/8/2021,76.06,4.53,Sunny
12/9/2021,72.06,3.13,Sunny
12/10/2021,74.83,7.5,Sunny
12/11/2021,94.66,12.14,Windy
12/12/2021,65.8,6.97,Sunny
12/13/2021,72.22,6.81,Sunny
12/14/2021,73.17,7.1,Sunny
12/15/2021,81.07,9.21,Sunny
12/16/2021,89.82,11.67,Windy
12/17/2021,75.65,10.89,Windy
12/18/2021,85.62,7.79,Sunny
12/19/2021,78.6,4.29,Sunny
12/20/2021,71.12,0.81,Sunny
12/21/2021,74.61,4.44,Sunny
12/22/2021,77.61,5.54,Sunny
12/23/2021,67.76,1.8,Sunny
12/24/2021,81.59,4.46,Sunny
12/25/2021,96.07,8.08,Sunny
12/26/2021,82.77,6.16,Sunny
12/27/2021,79.08,3.29,Sunny
12/28/2021,83.87,6.75,Sunny
12/29/2021,91.86,7.08,Sunny
12/30/2021,92.19,8.45,Sunny
12/31/2021,96.77,8.94,Sunny
1/1/2022,97.66,9.69,Sunny
1/2/2022,89.9,8.69,Sunny
1/3/2022,81.21,0.11,Sunny
1/4/2022,75.58,-1.12,Snowy
1/5/2022,96.04,5.29,Sunny
1/6/2022,76.97,2.98,Sunny
1/7/2022,81,0.7,Sunny
1/8/2022,72.48,-1.82,Snowy
1/9/2022,86.4,3.88,Sunny
1/10/2022,71.75,-0.03,Snowy
1/11/2022,76.45,-5.38,Snowy
1/12/2022,75.25,1.29,Sunny
1/13/2022,79.24,4.82,Sunny
1/14/2022,86.26,2.59,Sunny
1/15/2022,82.31,-6.88,Snowy
1/16/2022,86.18,-1.1,Snowy
1/17/2022,85.3,4.51,Sunny
1/18/2022,70.96,0.8,Sunny
1/19/2022,77.76,4.3,Sunny
1/20/2022,84,1.43,Sunny
1/21/2022,80.07,-4.99,Snowy
1/22/2022,74.27,-3.24,Snowy
1/23/2022,71.26,-0.28,Snowy
1/24/2022,75.38,0.35,Sunny
1/25/2022,79.62,2.74,Sunny
1/26/2022,72.93,-3.04,Snowy
1/27/2022,66.47,-2.94,Snowy
1/28/2022,80.73,0.2,Sunny
1/29/2022,89.74,-5.54,Snowy
1/30/2022,78.48,-5.72,Snowy
1/31/2022,66.45,-2.9,Snowy
2/1/2022,81.39,-0.15,Snowy
2/2/2022,96.31,4,Sunny
2/3/2022,99.03,4.99,Sunny
2/4/2022,91.92,4.09,Sunny
2/5/2022,76.65,-3.23,Snowy
2/6/2022,74.33,-3.01,Snowy
2/7/2022,94.87,2.33,Sunny
2/8/2022,85.13,2.29,Sunny
2/9/2022,82.6,1.98,Sunny
2/10/2022,86.68,4.49,Sunny
2/11/2022,83.79,5.64,Sunny
2/12/2022,80.48,6.83,Sunny
2/13/2022,86.62,0.37,Sunny
2/14/2022,72.36,-4.49,Snowy
2/15/2022,67.25,-3.72,Snowy
2/16/2022,81.95,2.45,Sunny
2/17/2022,91.94,7.67,Sunny
2/18/2022,75.88,5.09,Sunny
2/19/2022,63.63,0.27,Sunny
2/20/2022,68.76,-1.4,Snowy
2/21/2022,89.17,3.83,Sunny
2/22/2022,97.04,6.45,Sunny
2/23/2022,86.56,9.31,Sunny
2/24/2022,71.59,0.4,Sunny
2/25/2022,87.37,1.93,Sunny
2/26/2022,72.98,-1.36,Snowy
2/27/2022,73.75,2.22,Sunny
2/28/2022,60.46,-0.43,Snowy
3/1/2022,77.81,3.35,Sunny
3/2/2022,81.1,4.79,Sunny
3/3/2022,73.57,2.6,Sunny
3/4/2022,65.5,-1.08,Snowy
3/5/2022,73.42,3.02,Sunny
3/6/2022,96.68,9.23,Sunny
3/7/2022,91.92,11.33,Windy
3/8/2022,67.53,4.57,Sunny
3/9/2022,91.5,2.72,Sunny
3/10/2022,82.85,3.44,Sunny
3/11/2022,88.34,5.15,Sunny
3/12/2022,85.9,2.26,Sunny
3/13/2022,69.19,-0.71,Snowy
3/14/2022,81.5,4.98,Sunny
3/15/2022,87.72,7.42,Sunny
3/16/2022,83.69,8.39,Sunny
3/17/2022,97.26,8.21,Sunny
3/18/2022,91.22,9.96,Sunny
3/19/2022,95.47,10.48,Windy
3/20/2022,82.48,9.47,Sunny
3/21/2022,73.67,8.23,Sunny
3/22/2022,68.81,7.02,Sunny
3/23/2022,73.11,4.99,Sunny
3/24/2022,96.27,7.69,Sunny
3/25/2022,83.52,8.42,Sunny
3/26/2022,82.17,7.31,Sunny
3/27/2022,74,4.01,Sunny
3/28/2022,63.83,-1.5,Snowy
3/29/2022,67.65,-0.15,Snowy
3/30/2022,64.8,2.81,Sunny
3/31/2022,95.71,10.36,Windy
4/1/2022,78.36,9.19,Sunny
4/2/2022,71.44,5.63,Sunny
4/3/2022,88.32,5.98,Sunny
4/4/2022,76.46,6.36,Sunny
4/5/2022,83.37,7.09,Sunny
4/6/2022,94.2,8.3,Sunny
4/7/2022,96.47,8.17,Sunny
4/8/2022,81.86,9.61,Sunny
4/9/2022,87.11,8.59,Sunny
4/10/2022,75.31,6.98,Sunny
4/11/2022,74.58,7.28,Sunny
4/12/2022,75.83,12.25,Windy
4/13/2022,87.39,11.73,Windy
4/14/2022,87.9,14.12,Windy
4/15/2022,72.98,11.66,Windy
4/16/2022,85.25,11.04,Windy
4/17/2022,68.19,6.89,Sunny
4/18/2022,75.78,6.69,Sunny
4/19/2022,77.68,7.82,Sunny
4/20/2022,68.16,8.64,Sunny
4/21/2022,86.43,9.5,Sunny
4/22/2022,77.34,11.95,Windy
4/23/2022,81.43,10.13,Windy
4/24/2022,81.24,10.14,Windy
4/25/2022,78.46,9.84,Sunny
4/26/2022,91.62,12.09,Windy
4/27/2022,72.11,9.55,Sunny
4/28/2022,64.67,7.21,Sunny
4/29/2022,64.11,8.41,Sunny
4/30/2022,67.46,10,Sunny
5/1/2022,83.53,10.66,Windy
5/2/2022,93.63,10.81,Windy
5/3/2022,89.52,10.74,Windy
5/4/2022,92.73,12.29,Windy
5/5/2022,79.17,13.74,Windy
5/6/2022,91.45,11.31,Windy
5/7/2022,88.24,9.47,Sunny
5/8/2022,70.74,9.91,Sunny
5/9/2022,63.52,10.77,Windy
5/10/2022,63.99,11.62,Windy
5/11/2022,79.26,12.73,Windy
5/12/2022,91.79,13.47,Windy
5/13/2022,93.91,12.7,Windy
5/14/2022,95.92,14.4,Windy
5/15/2022,92.14,15.83,Cloudy
5/16/2022,91.54,15.6,Cloudy
5/17/2022,76.74,15.75,Cloudy
5/18/2022,76.18,14.36,Windy
5/19/2022,92.85,13.8,Windy
5/20/2022,93.83,15.19,Cloudy
5/21/2022,89.8,18.6,Cloudy
5/22/2022,90.42,19.79,Cloudy
5/23/2022,74.05,16.96,Cloudy
5/24/2022,81.31,14.93,Windy
5/25/2022,75.02,14.16,Windy
5/26/2022,89.06,15.15,Cloudy
5/27/2022,94.86,17.41,Cloudy
5/28/2022,90.31,18.87,Cloudy
5/29/2022,82.52,18.4,Cloudy
5/30/2022,85.88,20.1,Rainy
5/31/2022,80.72,23.24,Rainy
6/1/2022,86.82,16.74,Cloudy
6/2/2022,93.84,19.23,Cloudy
6/3/2022,87.44,18.69,Cloudy
6/4/2022,75.79,19,Cloudy
6/5/2022,64.96,17.72,Cloudy
6/6/2022,74.77,18.93,Cloudy
6/7/2022,87.44,18.93,Cloudy
6/8/2022,82.67,21.35,Rainy
6/9/2022,83.47,21.22,Rainy
6/10/2022,77.31,20.05,Rainy
6/11/2022,78.44,20.63,Rainy
6/12/2022,91.98,19.65,Cloudy
6/13/2022,85.9,22.1,Rainy
6/14/2022,71.28,21.69,Rainy
6/15/2022,80,20.54,Rainy
6/16/2022,85.07,19.95,Cloudy
6/17/2022,81.84,23.17,Rainy
6/18/2022,70.67,18.83,Cloudy
6/19/2022,63.47,17.4,Cloudy
6/20/2022,66.39,19.12,Cloudy
6/21/2022,76.71,19.97,Cloudy
6/22/2022,89.65,18.18,Cloudy
6/23/2022,89.27,18.96,Cloudy
6/24/2022,84.03,20.52,Rainy
6/25/2022,77.22,23.25,Rainy
6/26/2022,80.02,22.58,Rainy
6/27/2022,90.99,21.88,Rainy
6/28/2022,67.5,21.29,Cloudy
6/29/2022,72.49,22.05,Rainy
6/30/2022,75.47,22.99,Rainy
7/1/2022,83.07,23.79,Rainy
7/2/2022,82.71,24.35,Rainy
7/3/2022,73.58,23.64,Rainy
7/4/2022,63.33,22.89,Cloudy
7/5/2022,81.65,22.79,Rainy
7/6/2022,74.92,24.9,Rainy
7/7/2022,83.47,22.43,Rainy
7/8/2022,84.56,22.7,Rainy
7/9/2022,75.61,23.32,Rainy
7/10/2022,73.28,22.23,Rainy
7/11/2022,72.96,22.62,Rainy
7/12/2022,80.51,24.06,Rainy
7/13/2022,73.57,25.37,Rainy
7/14/2022,72.71,25.49,Rainy
7/15/2022,73.33,24.05,Rainy
7/16/2022,81.43,24.05,Rainy
7/17/2022,83.84,24.43,Rainy
7/18/2022,91.57,24.99,Rainy
7/19/2022,72.51,26.53,Rainy
7/20/2022,70.79,27.15,Rainy
7/21/2022,78.03,27.28,Rainy
7/22/2022,68.19,27.75,Cloudy
7/23/2022,68.52,27.74,Cloudy
7/24/2022,73.44,27.37,Rainy
7/25/2022,83.24,26.65,Rainy
7/26/2022,65.92,25.05,Cloudy
7/27/2022,70.49,24.78,Rainy
7/28/2022,81.82,26.07,Rainy
7/29/2022,76.53,26.03,Rainy
7/30/2022,68.23,26,Cloudy
7/31/2022,71.2,24.59,Rainy
8/1/2022,83.41,23.53,Rainy
8/2/2022,76.72,25.88,Rainy
8/3/2022,70.02,26.01,Rainy
8/4/2022,79.15,26.55,Rainy
8/5/2022,83.6,25.99,Rainy
8/6/2022,82.64,26.26,Rainy
8/7/2022,79.82,26.77,Rainy
8/8/2022,77.89,26.99,Rainy
8/9/2022,76.72,27.55,Rainy
8/10/2022,74.57,25.5,Rainy
8/11/2022,79.05,25.48,Rainy
8/12/2022,56.89,24.94,Windy
8/13/2022,56.8,22.71,Windy
8/14/2022,66.18,23.06,Cloudy
8/15/2022,62.11,23.47,Cloudy
8/16/2022,69.45,22.87,Cloudy
8/17/2022,67.49,22.98,Cloudy
8/18/2022,68.15,23.8,Cloudy
8/19/2022,68.22,24.78,Cloudy
8/20/2022,79.98,24.86,Rainy
8/21/2022,86.28,24.01,Rainy
8/22/2022,92.09,23.54,Rainy
8/23/2022,79.35,25.27,Rainy
8/24/2022,69.62,25.51,Cloudy
8/25/2022,68.63,25.78,Cloudy
8/26/2022,76.51,26.17,Rainy
8/27/2022,75.74,25.41,Rainy
8/28/2022,85.36,24.29,Rainy
8/29/2022,85.11,25.3,Rainy
8/30/2022,86.87,25.64,Rainy
8/31/2022,69.07,24.99,Cloudy
9/1/2022,58.54,24.47,Windy
9/2/2022,63.79,21.39,Cloudy
9/3/2022,73.86,22.95,Rainy
9/4/2022,78.6,24.51,Rainy
9/5/2022,83.49,24.52,Rainy
9/6/2022,89.93,22.89,Rainy
9/7/2022,83.45,21.62,Rainy
9/8/2022,75.02,21.58,Rainy
9/9/2022,71.61,21.39,Rainy
9/10/2022,73.94,22.1,Rainy
9/11/2022,89.05,22.18,Rainy
9/12/2022,89.78,23.56,Rainy
9/13/2022,84.46,23.98,Rainy
9/14/2022,71.93,22.22,Rainy
9/15/2022,62.14,20.45,Cloudy
9/16/2022,56.2,19.69,Windy
9/17/2022,73.02,20.6,Rainy
9/18/2022,76.87,22.81,Rainy
9/19/2022,76.45,23.39,Rainy
9/20/2022,76.01,22.38,Rainy
9/21/2022,74.28,21.56,Rainy
9/22/2022,79.42,21.11,Rainy
9/23/2022,61.5,15.17,Cloudy
9/24/2022,61.57,16.04,Cloudy
9/25/2022,78.24,19.37,Cloudy
9/26/2022,75.98,19.49,Cloudy
9/27/2022,60.65,18.75,Cloudy
9/28/2022,68.93,17.43,Cloudy
9/29/2022,68.83,16.74,Cloudy
9/30/2022,76.75,15.94,Cloudy
10/1/2022,87.91,15.72,Cloudy
10/2/2022,75.13,14.81,Windy
10/3/2022,77.9,12.59,Windy
10/4/2022,91.05,13.68,Windy
10/5/2022,92.63,15.31,Cloudy
10/6/2022,79.53,16.99,Cloudy
10/7/2022,81.16,17.89,Cloudy
10/8/2022,68.56,12.85,Windy
10/9/2022,66.6,13.01,Windy
10/10/2022,72.18,14.6,Windy
10/11/2022,78.74,15.42,Cloudy
10/12/2022,84.67,15.68,Cloudy
10/13/2022,95.57,18.05,Cloudy
10/14/2022,72.66,15.67,Cloudy
10/15/2022,81.38,15.38,Cloudy
10/16/2022,77.72,15.05,Cloudy
10/17/2022,89.27,16.22,Cloudy
10/18/2022,68.02,11.7,Windy
10/19/2022,69.22,10.34,Windy
10/20/2022,68.53,11.66,Windy
10/21/2022,69.23,12.77,Windy
10/22/2022,73.6,14.17,Windy
10/23/2022,90.13,14.43,Windy
10/24/2022,96.17,15.5,Cloudy
10/25/2022,97.13,17.3,Cloudy
10/26/2022,93.63,17.34,Cloudy
10/27/2022,73.04,14.7,Windy
10/28/2022,74.68,11.06,Windy
10/29/2022,76.93,11.59,Windy
10/30/2022,75.93,12.53,Windy
10/31/2022,87.6,15.04,Cloudy
11/1/2022,90.31,16.62,Cloudy
11/2/2022,78.42,15.76,Cloudy
11/3/2022,83.87,14.72,Windy
11/4/2022,94.22,15.99,Cloudy
11/5/2022,94.17,17.48,Cloudy
11/6/2022,93.85,18,Cloudy
11/7/2022,75.94,18.16,Cloudy
11/8/2022,62.1,11.24,Windy
11/9/2022,70.77,9.22,Sunny
11/10/2022,89.16,13.69,Windy
11/11/2022,97.34,16.68,Cloudy
11/12/2022,86.73,17.83,Cloudy
11/13/2022,79.01,11.3,Windy
11/14/2022,70.69,6.46,Sunny
11/15/2022,79.49,7.05,Sunny
11/16/2022,87.45,9.55,Sunny
11/17/2022,77.24,6.05,Sunny
11/18/2022,72.46,5.5,Sunny
11/19/2022,70.01,4,Sunny
11/20/2022,69.25,2.85,Sunny
11/21/2022,70.96,3.27,Sunny
11/22/2022,74.22,6.73,Sunny
11/23/2022,76.17,7.82,Sunny
11/24/2022,80.09,8.33,Sunny
11/25/2022,85.69,9.8,Sunny
11/26/2022,76.01,8.25,Sunny
11/27/2022,93.15,10.61,Windy
11/28/2022,82.05,9.7,Sunny
11/29/2022,75.65,5.17,Sunny
11/30/2022,85.36,10.48,Windy
12/1/2022,68.93,4.44,Sunny
12/2/2022,72.03,4.57,Sunny
12/3/2022,90.49,11.17,Windy
12/4/2022,63.98,5.44,Sunny
12/5/2022,66.14,6.16,Sunny
12/6/2022,95.25,11.33,Windy
12/7/2022,97.26,12.54,Windy
12/8/2022,83.52,8.98,Sunny
12/9/2022,74.69,4.74,Sunny
12/10/2022,81.53,3.47,Sunny
12/11/2022,92.08,5.26,Sunny
12/12/2022,86.36,2.51,Sunny
12/13/2022,74.37,1.55,Sunny
12/14/2022,77.34,1.82,Sunny
12/15/2022,88.95,4.74,Sunny
12/16/2022,93.99,6.67,Sunny
12/17/2022,81.03,4.39,Sunny
12/18/2022,78.76,2.38,Sunny
12/19/2022,78.37,1.68,Sunny
12/20/2022,78.54,1.72,Sunny
12/21/2022,70.24,1.97,Sunny
12/22/2022,87.61,7.21,Sunny
12/23/2022,89.17,3.65,Sunny
12/24/2022,95.34,-8.32,Snowy
12/25/2022,84.44,-3.88,Snowy
12/26/2022,78.88,-2.43,Snowy
12/27/2022,73.24,0.62,Sunny
12/28/2022,79.2,3.82,Sunny
12/29/2022,94.88,4.42,Sunny
12/30/2022,97.2,5.51,Sunny
12/31/2022,99.07,8,Sunny
1/1/2023,90.12,7.42,Sunny
1/2/2023,91.79,7.26,Sunny
1/3/2023,98.08,9.01,Sunny
1/4/2023,97.14,10.37,Windy
1/5/2023,96.42,8.46,Sunny
1/6/2023,89.52,6.28,Sunny
1/7/2023,83.45,4.41,Sunny
1/8/2023,74.69,2.44,Sunny
1/9/2023,83.48,4,Sunny
1/10/2023,79.72,3.52,Sunny
1/11/2023,74.57,2.81,Sunny
1/12/2023,92.91,7.59,Sunny
1/13/2023,88.36,8.18,Sunny
1/14/2023,80.27,1.54,Sunny
1/15/2023,76.52,1.09,Sunny
1/16/2023,72.35,1.88,Sunny
1/17/2023,81.12,3.49,Sunny
1/18/2023,88.88,6.07,Sunny
1/19/2023,93.83,4.98,Sunny
1/20/2023,87.78,5.11,Sunny
1/21/2023,77.89,3.23,Sunny
1/22/2023,80.82,4.07,Sunny
1/23/2023,89.77,3.34,Sunny
1/24/2023,79.74,3.25,Sunny
1/25/2023,81.88,4.86,Sunny
1/26/2023,82.25,6.22,Sunny
1/27/2023,77.6,3.12,Sunny
1/28/2023,82.44,5.2,Sunny
1/29/2023,94.23,6.18,Sunny
1/30/2023,90.95,6.35,Sunny
1/31/2023,80.59,3.25,Sunny
2/1/2023,74.75,0.55,Sunny
2/2/2023,65.25,1.45,Sunny
2/3/2023,74.26,-3.5,Snowy
2/4/2023,82.44,-7.2,Snowy
2/5/2023,80.26,3.46,Sunny
2/6/2023,88.29,4.48,Sunny
2/7/2023,79.62,2.24,Sunny
2/8/2023,84.2,5.36,Sunny
2/9/2023,88.46,6.75,Sunny
2/10/2023,83.62,9.19,Sunny
2/11/2023,67.13,4.35,Sunny
2/12/2023,78.83,4.82,Sunny
2/13/2023,79.51,6.19,Sunny
2/14/2023,73.45,6.33,Sunny
2/15/2023,87.9,8.84,Sunny
2/16/2023,92.5,10.19,Windy
2/17/2023,89,8.11,Sunny
2/18/2023,70.71,1.62,Sunny
2/19/2023,88.18,5,Sunny
2/20/2023,90.07,8.16,Sunny
2/21/2023,88.41,5.18,Sunny
2/22/2023,75.41,4.3,Sunny
2/23/2023,93.91,5.16,Sunny
2/24/2023,76.44,3.62,Sunny
2/25/2023,75.54,-1.41,Snowy
2/26/2023,81.8,3.35,Sunny
2/27/2023,74.04,2.73,Sunny
2/28/2023,93.62,3,Sunny
3/1/2023,84.83,3.91,Sunny
3/2/2023,89.19,6.63,Sunny
3/3/2023,76.1,4.3,Sunny
3/4/2023,89.88,6.34,Sunny
3/5/2023,79.52,5.32,Sunny
3/6/2023,75.23,5.46,Sunny
3/7/2023,69.53,3.61,Sunny
3/8/2023,75.86,2.69,Sunny
3/9/2023,79.43,4.04,Sunny
3/10/2023,88.28,4.35,Sunny
3/11/2023,87.83,4.68,Sunny
3/12/2023,77.77,3.59,Sunny
3/13/2023,93.17,4.96,Sunny
3/14/2023,82.97,2.5,Sunny
3/15/2023,75.6,2.87,Sunny
3/16/2023,71.44,5.07,Sunny
3/17/2023,90.1,7.44,Sunny
3/18/2023,74.63,6.49,Sunny
3/19/2023,65.84,1.32,Sunny
3/20/2023,69.02,3.65,Sunny
3/21/2023,77.03,6.33,Sunny
3/22/2023,89.43,7.14,Sunny
3/23/2023,96.09,9.31,Sunny
3/24/2023,74.16,7.56,Sunny
3/25/2023,92.97,6.69,Sunny
3/26/2023,77.73,8.72,Sunny
3/27/2023,84.15,7.12,Sunny
3/28/2023,81.56,6.81,Sunny
3/29/2023,73.92,6.33,Sunny
3/30/2023,61.08,3.65,Sunny
3/31/2023,82.6,6.84,Sunny
4/1/2023,90.11,11.61,Windy
4/2/2023,66.2,6.52,Sunny
4/3/2023,75.87,7.52,Sunny
4/4/2023,93.31,11.13,Windy
4/5/2023,96.69,9.56,Sunny
4/6/2023,93.62,12.9,Windy
4/7/2023,69.7,9.53,Sunny
4/8/2023,61.42,5.81,Sunny
4/9/2023,72.51,6.64,Sunny
4/10/2023,76.26,8.67,Sunny
4/11/2023,75.38,11.57,Windy
4/12/2023,72.33,15.53,Cloudy
4/13/2023,77.18,16.83,Cloudy
4/14/2023,83.82,16.55,Cloudy
4/15/2023,96.28,13.41,Windy
4/16/2023,92.66,13.27,Windy
4/17/2023,83.39,12.94,Windy
4/18/2023,69.62,10.74,Windy
4/19/2023,68.45,10.16,Windy
4/20/2023,73.54,9.78,Sunny
4/21/2023,90.25,11.43,Windy
4/22/2023,94.48,12.42,Windy
4/23/2023,83.26,13.43,Windy
4/24/2023,75.83,10.65,Windy
4/25/2023,73.34,10.68,Windy
4/26/2023,84.49,10.48,Windy
4/27/2023,87.3,10.54,Windy
4/28/2023,89.34,10.17,Windy
4/29/2023,93.77,10.82,Windy
4/30/2023,96.63,11.81,Windy
5/1/2023,77.8,11.81,Windy
5/2/2023,78.86,10.38,Windy
5/3/2023,79.12,9.88,Sunny
5/4/2023,84.65,10.27,Windy
5/5/2023,84.12,11.61,Windy
5/6/2023,76.74,14.15,Windy
5/7/2023,81.36,14.69,Windy
5/8/2023,78.59,16.35,Cloudy
5/9/2023,71.98,13.81,Windy
5/10/2023,78.14,14.15,Windy
5/11/2023,78.41,16.05,Cloudy
5/12/2023,77.28,18.32,Cloudy
5/13/2023,80.08,18.35,Cloudy
5/14/2023,71.03,15.67,Cloudy
5/15/2023,72.54,15.1,Cloudy
5/16/2023,77.51,16.68,Cloudy
5/17/2023,65.89,13.86,Windy
5/18/2023,65.67,10.98,Windy
5/19/2023,86.13,13.76,Windy
5/20/2023,96.8,14.96,Windy
5/21/2023,80.29,16.11,Cloudy
5/22/2023,82.78,15.53,Cloudy
5/23/2023,80.63,13.99,Windy
5/24/2023,71.03,14.81,Windy
5/25/2023,70.3,14.43,Windy
5/26/2023,67.36,15.75,Cloudy
5/27/2023,75.35,15.73,Cloudy
5/28/2023,73.79,16.4,Cloudy
5/29/2023,76.68,16.76,Cloudy
5/30/2023,76.96,14.44,Windy
5/31/2023,82.07,15.03,Cloudy
6/1/2023,85.79,17.57,Cloudy
6/2/2023,83.4,19.35,Cloudy
6/3/2023,83.32,16.81,Cloudy
6/4/2023,71.61,14.63,Windy
6/5/2023,68.88,17.18,Cloudy
6/6/2023,74.11,17.77,Cloudy
6/7/2023,72.22,16.78,Cloudy
6/8/2023,71.84,16.55,Cloudy
6/9/2023,76.71,17.07,Cloudy
6/10/2023,75.01,18.34,Cloudy
6/11/2023,84.33,19.17,Cloudy
6/12/2023,91.59,19.14,Cloudy
6/13/2023,74.12,19.49,Cloudy
6/14/2023,83,18.94,Cloudy
6/15/2023,75.32,19.5,Cloudy
6/16/2023,84.33,18.97,Cloudy
6/17/2023,74.33,19.5,Cloudy
6/18/2023,70.77,20.67,Rainy
6/19/2023,83.61,19.9,Cloudy
6/20/2023,85.09,18.52,Cloudy
6/21/2023,77.88,17.87,Cloudy
6/22/2023,84.91,17.47,Cloudy
6/23/2023,92.41,18.98,Cloudy
6/24/2023,93.15,21.01,Rainy
6/25/2023,89.89,21.82,Rainy
6/26/2023,96.24,21.03,Rainy
6/27/2023,94.67,20.98,Rainy
6/28/2023,87.82,21.86,Rainy
6/29/2023,79.75,21.66,Rainy
6/30/2023,85.52,22.03,Rainy
7/1/2023,88.38,21.68,Rainy
7/2/2023,91.33,23.39,Rainy
7/3/2023,87.23,24.91,Rainy
7/4/2023,86.02,24.99,Rainy
7/5/2023,82.78,25.18,Rainy
7/6/2023,87.62,24.78,Rainy
7/7/2023,88.77,24.74,Rainy
7/8/2023,88.48,24.79,Rainy
7/9/2023,91.05,24.32,Rainy
7/10/2023,81,25.16,Rainy
7/11/2023,72.24,25.19,Rainy
7/12/2023,75.87,25.94,Rainy
7/13/2023,86.03,25.81,Rainy
7/14/2023,88.93,25.38,Rainy
7/15/2023,88.86,25.55,Rainy
7/16/2023,95.68,24.79,Rainy
7/17/2023,87.01,25.43,Rainy
7/18/2023,90.52,25.28,Rainy
7/19/2023,87.69,23.97,Rainy
7/20/2023,78.54,24.67,Rainy
7/21/2023,86.74,24.9,Rainy
7/22/2023,72.89,24.15,Rainy
7/23/2023,72.2,24.78,Rainy
7/24/2023,83.42,24.45,Rainy
7/25/2023,86.94,24.63,Rainy
7/26/2023,80.82,24.45,Rainy
7/27/2023,87.44,26.21,Rainy
7/28/2023,81.68,26.75,Rainy
7/29/2023,84.49,26.25,Rainy
7/30/2023,68.03,22.32,Cloudy
7/31/2023,68.69,23.51,Cloudy
8/1/2023,64.65,22.72,Cloudy
8/2/2023,62.05,21.75,Cloudy
8/3/2023,69.76,22.35,Cloudy
8/4/2023,83.59,22.6,Rainy
8/5/2023,75.97,23.84,Rainy
8/6/2023,77.13,23.68,Rainy
8/7/2023,92.03,24.06,Rainy
8/8/2023,79.25,24.14,Rainy
8/9/2023,70.43,23.93,Rainy
8/10/2023,89.29,22.91,Rainy
8/11/2023,78.03,23.59,Rainy
8/12/2023,84.55,24.08,Rainy
8/13/2023,81.81,25.27,Rainy
8/14/2023,80.26,24.43,Rainy
8/15/2023,89.31,24.63,Rainy
8/16/2023,89.32,23.37,Rainy
8/17/2023,92.93,23.29,Rainy
8/18/2023,78.7,23.85,Rainy
8/19/2023,71.04,21.38,Rainy
8/20/2023,75.17,22.81,Rainy
8/21/2023,75.87,24.59,Rainy
8/22/2023,69.21,22.27,Cloudy
8/23/2023,67.49,21.09,Cloudy
8/24/2023,80.39,21.58,Rainy
8/25/2023,90.88,23.22,Rainy
8/26/2023,81.89,24.46,Rainy
8/27/2023,79.64,23.27,Rainy
8/28/2023,88.64,21.77,Rainy
8/29/2023,86.37,22.36,Rainy
8/30/2023,80.64,23.59,Rainy
8/31/2023,68.01,20.88,Cloudy
9/1/2023,65.67,19.43,Cloudy
9/2/2023,73.81,20.68,Rainy
9/3/2023,74.86,23.94,Rainy
9/4/2023,75.03,25.5,Rainy
9/5/2023,76.33,26.3,Rainy
9/6/2023,73.17,27,Rainy
9/7/2023,78.65,26.52,Rainy
9/8/2023,90.21,25.51,Rainy
9/9/2023,89.65,24.68,Rainy
9/10/2023,83.05,23.71,Rainy
9/11/2023,80.66,24.31,Rainy
9/12/2023,82.3,23.68,Rainy
9/13/2023,83.62,24.08,Rainy
9/14/2023,69.41,21.6,Cloudy
9/15/2023,71.95,18.69,Cloudy
9/16/2023,68.57,19.46,Cloudy
9/17/2023,75.13,19.72,Cloudy
9/18/2023,90.52,20.16,Rainy
9/19/2023,75.21,19.08,Cloudy
9/20/2023,71.55,19.07,Cloudy
9/21/2023,72.09,18.23,Cloudy
9/22/2023,72.56,18.69,Cloudy
9/23/2023,89.34,17.41,Cloudy
9/24/2023,93.17,18.59,Cloudy
9/25/2023,91.93,17.78,Cloudy
9/26/2023,84.59,16.52,Cloudy
9/27/2023,78.35,15.92,Cloudy
9/28/2023,89.23,16.65,Cloudy
9/29/2023,93.1,17.35,Cloudy
9/30/2023,90.68,16.99,Cloudy
10/1/2023,86.98,18.41,Cloudy
10/2/2023,84.88,19.08,Cloudy
10/3/2023,84.49,19.38,Cloudy
10/4/2023,90.07,19.86,Cloudy
10/5/2023,94.57,18.97,Cloudy
10/6/2023,96.11,19.59,Cloudy
10/7/2023,91.78,17.81,Cloudy
10/8/2023,75.44,14.11,Windy
10/9/2023,69.04,13.74,Windy
10/10/2023,75.55,15.41,Cloudy
10/11/2023,76.38,16.8,Cloudy
10/12/2023,78.36,16.32,Cloudy
10/13/2023,71.3,14.34,Windy
10/14/2023,83.63,12.65,Windy
10/15/2023,78.96,13.17,Windy
10/16/2023,81.01,13.18,Windy
10/17/2023,76.72,14,Windy
10/18/2023,76.65,14.93,Windy
10/19/2023,79.04,15.02,Cloudy
10/20/2023,94.54,16.84,Cloudy
10/21/2023,86.95,15.31,Cloudy
10/22/2023,74.4,12.34,Windy
10/23/2023,75.12,12.12,Windy
10/24/2023,76.63,13.84,Windy
10/25/2023,86.76,15.23,Cloudy
10/26/2023,85.57,16.38,Cloudy
10/27/2023,89.28,17.27,Cloudy
10/28/2023,86.38,18.8,Cloudy
10/29/2023,87.71,14.72,Windy
10/30/2023,89.07,15.05,Cloudy
10/31/2023,75.96,9.97,Sunny
11/1/2023,77.23,8.05,Sunny
11/2/2023,66.57,6.91,Sunny
11/3/2023,68.47,9.92,Sunny
11/4/2023,80.26,11.3,Windy
11/5/2023,80.72,12.56,Windy
11/6/2023,76.34,10.67,Windy
11/7/2023,88.4,14.33,Windy
11/8/2023,65.96,8.38,Sunny
11/9/2023,81.88,12.32,Windy
11/10/2023,80.18,10,Sunny
11/11/2023,76.43,9.12,Sunny
11/12/2023,74.04,5.87,Sunny
11/13/2023,71.99,6.5,Sunny
11/14/2023,80.02,8.43,Sunny
11/15/2023,77.77,8.45,Sunny
11/16/2023,84.99,10.94,Windy
11/17/2023,94.07,13.03,Windy
11/18/2023,80.19,10.55,Windy
11/19/2023,71.46,8.54,Sunny
11/20/2023,68.13,5.67,Sunny
11/21/2023,79.13,7.42,Sunny
11/22/2023,90.84,12.06,Windy
11/23/2023,79.77,8.78,Sunny
11/24/2023,73.37,6.76,Sunny
11/25/2023,65.15,2.94,Sunny
11/26/2023,79.23,8.69,Sunny
11/27/2023,81.19,7.97,Sunny
11/28/2023,70.02,2.61,Sunny
11/29/2023,72.89,1.83,Sunny
11/30/2023,73.02,6.24,Sunny
12/1/2023,92.5,8.2,Sunny
12/2/2023,93.88,9.66,Sunny
12/3/2023,96.45,10.05,Windy
12/4/2023,85.14,8.6,Sunny
12/5/2023,74.31,5.24,Sunny
12/6/2023,76.69,3.81,Sunny
12/7/2023,81.66,3.16,Sunny
12/8/2023,78.43,6.39,Sunny
12/9/2023,96.94,9.59,Sunny
12/10/2023,97.55,11.82,Windy
12/11/2023,82.63,5.83,Sunny
12/12/2023,75,4.14,Sunny
12/13/2023,78.7,4.52,Sunny
12/14/2023,70.11,2.86,Sunny
12/15/2023,82.95,6.2,Sunny
12/16/2023,85.48,7.34,Sunny
12/17/2023,93.91,10.31,Windy
12/18/2023,87.64,11.46,Windy
12/19/2023,78.94,3.89,Sunny
12/20/2023,78.31,2.83,Sunny
12/21/2023,76.21,2.61,Sunny
12/22/2023,62.8,1.1,Sunny
12/23/2023,70.32,5.05,Sunny
12/24/2023,89.15,7.22,Sunny
12/25/2023,96.01,7.66,Sunny
12/26/2023,95.96,7.13,Sunny
12/27/2023,97.33,7.84,Sunny
12/28/2023,96.21,9.68,Sunny
12/29/2023,92.3,8.79,Sunny
12/30/2023,88.04,5.47,Sunny
12/31/2023,73.84,4.55,Sunny
1/1/2024,81.54,4.98,Sunny
1/2/2024,77.8,2.2,Sunny
1/3/2024,78.21,3.46,Sunny
1/4/2024,75.73,3.29,Sunny
1/5/2024,73.77,0.51,Sunny
1/6/2024,81.29,3.13,Sunny
1/7/2024,92.59,3.27,Sunny
1/8/2024,74.24,3.22,Sunny
1/9/2024,82.64,7.38,Sunny
1/10/2024,80.51,8.33,Sunny
1/11/2024,80.07,5.13,Sunny
1/12/2024,84.64,5.8,Sunny
1/13/2024,83.39,8.09,Sunny
1/14/2024,71.82,1.74,Sunny
1/15/2024,74.96,-1.24,Snowy
1/16/2024,90.19,0.08,Sunny
1/17/2024,82.55,-4.06,Snowy
1/18/2024,71.3,-0.67,Snowy
1/19/2024,82.19,-0.43,Snowy
1/20/2024,83.48,-4.52,Snowy
1/21/2024,81.15,-3.09,Snowy
1/22/2024,79.02,-0.53,Snowy
1/23/2024,83.8,2.08,Sunny
1/24/2024,94.92,4.64,Sunny
1/25/2024,96.16,5.92,Sunny
1/26/2024,97.94,5.81,Sunny
1/27/2024,93.57,4.22,Sunny
1/28/2024,94.93,3.3,Sunny
1/29/2024,86.88,2.5,Sunny
1/30/2024,80.52,1.77,Sunny
1/31/2024,78.19,2.76,Sunny
2/1/2024,87.78,4.19,Sunny
2/2/2024,92.73,4.4,Sunny
2/3/2024,79.16,1.86,Sunny
2/4/2024,75.47,2.27,Sunny
2/5/2024,72.65,1.87,Sunny
2/6/2024,75.82,1.49,Sunny
2/7/2024,78.43,3.37,Sunny
2/8/2024,82.16,4.71,Sunny
2/9/2024,94.66,5.96,Sunny
2/10/2024,95.49,6.72,Sunny
2/11/2024,86.34,6.04,Sunny
2/12/2024,81.32,4.01,Sunny
2/13/2024,91.49,2.13,Sunny
2/14/2024,75.91,0.1,Sunny
2/15/2024,75.29,0.46,Sunny
2/16/2024,69.77,2.64,Sunny
2/17/2024,81.1,0.6,Sunny
2/18/2024,73.72,0.6,Sunny
2/19/2024,69.9,1.46,Sunny
2/20/2024,66.31,-0.45,Snowy
2/21/2024,75.5,1.95,Sunny
2/22/2024,83.07,3.16,Sunny
2/23/2024,95.5,4.94,Sunny
2/24/2024,78.45,2.49,Sunny
2/25/2024,69.58,-0.65,Snowy
2/26/2024,90.73,4.74,Sunny
2/27/2024,95.81,6.52,Sunny
2/28/2024,94.04,8.81,Sunny
2/29/2024,65.13,1.59,Sunny
3/1/2024,64.77,2.49,Sunny
3/2/2024,95.6,7.16,Sunny
3/3/2024,86.57,9.77,Sunny
3/4/2024,96.47,7.18,Sunny
3/5/2024,97,6.68,Sunny
3/6/2024,94.08,7.49,Sunny
3/7/2024,92.11,7.83,Sunny
3/8/2024,82.35,5.68,Sunny
3/9/2024,90.05,5.73,Sunny
3/10/2024,83.58,6.18,Sunny
3/11/2024,72.49,4.48,Sunny
3/12/2024,78.23,7.98,Sunny
3/13/2024,82.4,8.38,Sunny
3/14/2024,91.26,8.86,Sunny
3/15/2024,88.65,10.7,Windy
3/16/2024,86.57,8.58,Sunny
3/17/2024,81.13,9.56,Sunny
3/18/2024,71.19,6.02,Sunny
3/19/2024,71.79,4.16,Sunny
3/20/2024,79.06,6.83,Sunny
3/21/2024,65.12,1.93,Sunny
3/22/2024,65.25,1.94,Sunny
3/23/2024,91.17,6.57,Sunny
3/24/2024,70.93,2.9,Sunny
3/25/2024,76.09,4.61,Sunny
3/26/2024,87.3,4.85,Sunny
3/27/2024,90.88,6.81,Sunny
3/28/2024,94.06,7.42,Sunny
3/29/2024,72.71,6.46,Sunny
3/30/2024,77.01,6.86,Sunny
3/31/2024,80.59,8.68,Sunny
4/1/2024,88.02,8.35,Sunny
4/2/2024,94,7,Sunny
4/3/2024,93.29,5.98,Sunny
4/4/2024,85.3,5.55,Sunny
4/5/2024,77.43,5.73,Sunny
4/6/2024,79.1,6.45,Sunny
4/7/2024,76.06,7.28,Sunny
4/8/2024,78.82,8.77,Sunny
4/9/2024,80.77,11.71,Windy
4/10/2024,95.78,8.93,Sunny
4/11/2024,96.32,9.88,Sunny
4/12/2024,89.43,12.17,Windy
4/13/2024,79.38,9.44,Sunny
4/14/2024,82.54,10.81,Windy
4/15/2024,82.07,15.23,Cloudy
4/16/2024,71.8,12.28,Windy
4/17/2024,92.82,9.91,Sunny
4/18/2024,91.58,8.01,Sunny
4/19/2024,87.91,8.36,Sunny
4/20/2024,85.74,10.6,Windy
4/21/2024,69.47,7.59,Sunny
4/22/2024,72.81,8.65,Sunny
4/23/2024,82.63,9.14,Sunny
4/24/2024,80.2,12.1,Windy
4/25/2024,66.41,7.37,Sunny
4/26/2024,74.24,8.45,Sunny
4/27/2024,80.38,9.12,Sunny
4/28/2024,93.18,12.5,Windy
4/29/2024,92.1,15.46,Cloudy
4/30/2024,94.5,11.74,Windy
5/1/2024,89.67,13.13,Windy
5/2/2024,87.57,15.01,Cloudy
5/3/2024,86.72,11.64,Windy
5/4/2024,84.64,10.94,Windy
5/5/2024,93.36,10.67,Windy
5/6/2024,93.21,14.9,Windy
5/7/2024,78.53,16.54,Cloudy
5/8/2024,89.3,16.99,Cloudy
5/9/2024,81.78,15.09,Cloudy
5/10/2024,84.36,10.69,Windy
5/11/2024,77.61,10.97,Windy
5/12/2024,83.33,10.07,Windy
5/13/2024,87.64,12.54,Windy
5/14/2024,92.58,14.24,Windy
5/15/2024,93.85,14.3,Windy
5/16/2024,90.82,14.87,Windy
5/17/2024,85.55,15.38,Cloudy
5/18/2024,89.88,14.77,Windy
5/19/2024,88.75,15.22,Cloudy
5/20/2024,90.37,14.47,Windy
5/21/2024,90.72,16.29,Cloudy
5/22/2024,88.93,17.7,Cloudy
5/23/2024,91.74,18.82,Cloudy
5/24/2024,77.89,20.21,Rainy
5/25/2024,87.17,17.84,Cloudy
5/26/2024,92.41,18.37,Cloudy
5/27/2024,95.71,18.3,Cloudy
5/28/2024,83.56,20.11,Rainy
5/29/2024,84.11,18.74,Cloudy
5/30/2024,75.96,17.68,Cloudy
5/31/2024,71.78,18.13,Cloudy
6/1/2024,71.02,19.17,Cloudy
6/2/2024,83.5,19.12,Cloudy
6/3/2024,84.36,21.16,Rainy
6/4/2024,89.81,19.4,Cloudy
6/5/2024,93.96,19.97,Cloudy
6/6/2024,93.27,21.73,Rainy
6/7/2024,79.03,21.77,Rainy
6/8/2024,76.25,20.17,Rainy
6/9/2024,81.99,20.32,Rainy
6/10/2024,75.93,19.14,Cloudy
6/11/2024,75.83,18.71,Cloudy
6/12/2024,81.46,19.62,Cloudy
6/13/2024,87.06,20.39,Rainy
6/14/2024,88.69,21.54,Rainy
6/15/2024,75.87,20.81,Rainy
6/16/2024,77.09,19.05,Cloudy
6/17/2024,87.34,21.45,Rainy
6/18/2024,87.21,22.08,Rainy
6/19/2024,87.02,22.24,Rainy
6/20/2024,84.11,23.32,Rainy
6/21/2024,83.61,24.16,Rainy
6/22/2024,87.59,24.13,Rainy
6/23/2024,87.01,24.25,Rainy
6/24/2024,73.36,22.72,Rainy
6/25/2024,68.89,22.78,Cloudy
6/26/2024,81.8,22.89,Rainy
6/27/2024,77.75,22.33,Rainy
6/28/2024,62.72,19.72,Cloudy
6/29/2024,88.61,21.59,Rainy
6/30/2024,94.12,22.5,Rainy
7/1/2024,75.1,21.07,Rainy
7/2/2024,72.14,21.58,Rainy
7/3/2024,83.12,21.34,Rainy
7/4/2024,88.53,22.68,Rainy
7/5/2024,91.75,23.5,Rainy
7/6/2024,91.34,24.37,Rainy
7/7/2024,86.36,24.6,Rainy
7/8/2024,84.7,24.95,Rainy
7/9/2024,89.35,24.81,Rainy
7/10/2024,90.5,24.99,Rainy
7/11/2024,82.34,24.87,Rainy
7/12/2024,90.62,24.19,Rainy
7/13/2024,90.08,24.58,Rainy
7/14/2024,83.46,25.52,Rainy
7/15/2024,84.88,25.81,Rainy
7/16/2024,81.09,26.5,Rainy
7/17/2024,87.68,25.31,Rainy
7/18/2024,80.08,25.04,Rainy
7/19/2024,67.71,23.64,Cloudy
7/20/2024,81.9,24.06,Rainy
7/21/2024,80.85,24.87,Rainy
7/22/2024,89.78,24.22,Rainy
7/23/2024,85.04,24.71,Rainy
7/24/2024,88.99,24.35,Rainy
7/25/2024,81.05,25.02,Rainy
7/26/2024,65.38,24.01,Cloudy
7/27/2024,70.91,24.46,Rainy
7/28/2024,74.47,24.19,Rainy
7/29/2024,83.07,24.45,Rainy
7/30/2024,88.58,24.71,Rainy
7/31/2024,88.71,25.12,Rainy
8/1/2024,81.01,26.49,Rainy
8/2/2024,89.58,25.89,Rainy
8/3/2024,90.18,25.65,Rainy
8/4/2024,90.91,24.88,Rainy
8/5/2024,83.08,25.52,Rainy
8/6/2024,88.65,25.44,Rainy
8/7/2024,89.6,21.93,Rainy
8/8/2024,93.49,22.11,Rainy
8/9/2024,94.26,24.4,Rainy
8/10/2024,81.58,24.54,Rainy
8/11/2024,79.69,23,Rainy
8/12/2024,76.07,22.55,Rainy
8/13/2024,71.54,22.47,Rainy
8/14/2024,74.48,23.94,Rainy
8/15/2024,76.41,24.25,Rainy
8/16/2024,82.48,23.76,Rainy
8/17/2024,89.74,23.42,Rainy
8/18/2024,91.8,23.92,Rainy
8/19/2024,88.08,24.11,Rainy
8/20/2024,70.4,19.94,Cloudy
8/21/2024,69.75,19.15,Cloudy
8/22/2024,70.16,20.68,Rainy
8/23/2024,76.5,21.52,Rainy
8/24/2024,76.55,22.43,Rainy
8/25/2024,80.57,22.4,Rainy
8/26/2024,82.8,23.01,Rainy
8/27/2024,82.8,23.2,Rainy
8/28/2024,79.37,25.6,Rainy
8/29/2024,75.04,22.75,Rainy
8/30/2024,81,20.02,Rainy
8/31/2024,87.14,22.49,Rainy
9/1/2024,90.27,23.43,Rainy
9/2/2024,68.52,22.12,Cloudy
9/3/2024,55.25,19.16,Windy
9/4/2024,59.44,20.33,Windy
9/5/2024,73.13,20.55,Rainy
9/6/2024,84.03,21.09,Rainy
9/7/2024,85.45,20.43,Rainy
9/8/2024,63.1,18.02,Cloudy
9/9/2024,64.94,19.41,Cloudy
9/10/2024,66.05,20.85,Cloudy
9/11/2024,71.69,19.96,Cloudy
9/12/2024,80.29,20.65,Rainy
9/13/2024,82.01,20.96,Rainy
9/14/2024,81.87,21.57,Rainy
9/15/2024,77.49,21.02,Rainy
9/16/2024,78.37,19.84,Cloudy
9/17/2024,87.88,20.97,Rainy
9/18/2024,83.99,21.15,Rainy
9/19/2024,70.47,22.44,Rainy
9/20/2024,77.04,21.82,Rainy
9/21/2024,75.71,20.49,Rainy
9/22/2024,73.39,19.38,Cloudy
9/23/2024,74.55,18.11,Cloudy
9/24/2024,75.86,18.2,Cloudy
9/25/2024,82.66,19.15,Cloudy
9/26/2024,93.5,20.74,Rainy
9/27/2024,88.18,20.11,Rainy
9/28/2024,89.75,19.54,Cloudy
9/29/2024,86.43,18.29,Cloudy
9/30/2024,79.54,18.68,Cloudy
10/1/2024,82.47,18.24,Cloudy
10/2/2024,75.78,17.6,Cloudy
10/3/2024,74.93,18.61,Cloudy
10/4/2024,83.96,18.9,Cloudy
10/5/2024,75.33,19.81,Cloudy
10/6/2024,76.77,17.97,Cloudy
10/7/2024,75.64,19.47,Cloudy
10/8/2024,60.72,16.84,Cloudy
10/9/2024,63.11,16.27,Cloudy
10/10/2024,65.02,13.71,Windy
10/11/2024,63.79,15.16,Cloudy
10/12/2024,62.19,17.62,Cloudy
10/13/2024,77.78,17.97,Cloudy
10/14/2024,71.23,15.94,Cloudy
10/15/2024,63.9,12.01,Windy
10/16/2024,65.88,11.78,Windy
10/17/2024,66.58,11.88,Windy
10/18/2024,61.61,14.3,Windy
10/19/2024,71.19,14.77,Windy
10/20/2024,71.56,15.64,Cloudy
10/21/2024,66.82,17.14,Cloudy
10/22/2024,79.33,18.46,Cloudy
10/23/2024,91.39,17.71,Cloudy
10/24/2024,66.45,16.81,Cloudy
10/25/2024,65.23,13.17,Windy
10/26/2024,60.15,14.64,Windy
10/27/2024,54.53,11.37,Windy
10/28/2024,56.5,12.63,Windy
10/29/2024,82.69,15.52,Cloudy
10/30/2024,86.35,16.67,Cloudy
10/31/2024,84.26,17.79,Cloudy
11/1/2024,72.05,18.64,Cloudy
11/2/2024,61.96,13.14,Windy
11/3/2024,59.47,9.92,Sunny
11/4/2024,76.63,12.55,Windy
11/5/2024,88,16.43,Cloudy
11/6/2024,82.69,18.79,Cloudy
11/7/2024,74.91,17.66,Cloudy
11/8/2024,64.31,14.61,Windy
11/9/2024,50.78,10.64,Windy
11/10/2024,66.44,12.97,Windy
11/11/2024,79.95,16.11,Cloudy
11/12/2024,60.75,11.19,Windy
11/13/2024,59.15,7.44,Sunny
11/14/2024,64.52,7.32,Sunny
11/15/2024,53.83,9.83,Sunny
11/16/2024,57.45,11.07,Windy
11/17/2024,62.63,11.47,Windy
11/18/2024,69.88,12.59,Windy
11/19/2024,69.08,11.32,Windy
11/20/2024,77,12.37,Windy
11/21/2024,91.55,9.41,Sunny
11/22/2024,86.1,5.76,Sunny
11/23/2024,82.67,7.66,Sunny
11/24/2024,74.95,9.31,Sunny
11/25/2024,71.91,8.93,Sunny
11/26/2024,83.15,11.78,Windy
11/27/2024,70.44,8.37,Sunny
11/28/2024,86.42,9.58,Sunny
11/29/2024,72.73,6.05,Sunny
11/30/2024,71.87,2.77,Sunny
12/1/2024,68.82,2.17,Sunny
12/2/2024,72.13,2.61,Sunny
12/3/2024,73.78,3.3,Sunny
12/4/2024,71.2,4.05,Sunny
12/5/2024,78.72,4.04,Sunny
12/6/2024,69.34,1.68,Sunny
12/7/2024,68.89,3.34,Sunny
12/8/2024,71.88,7.54,Sunny
12/9/2024,90.94,8.85,Sunny
12/10/2024,96.51,9.31,Sunny
12/11/2024,95.49,11.74,Windy
12/12/2024,66.02,3.57,Sunny
12/13/2024,66.82,0.49,Sunny
12/14/2024,68.17,0.65,Sunny
12/15/2024,74.74,4.06,Sunny
12/16/2024,95.98,8.23,Sunny
12/17/2024,90.42,9.89,Sunny
12/18/2024,87.93,8.01,Sunny
12/19/2024,75.78,5.57,Sunny
12/20/2024,88.96,3.3,Sunny
12/21/2024,78.36,-0.16,Snowy
12/22/2024,79.54,-4.31,Snowy
12/23/2024,78.78,-3.62,Snowy
12/24/2024,83.08,2.41,Sunny
12/25/2024,78.33,1.14,Sunny
12/26/2024,73.32,0.72,Sunny
12/27/2024,77.98,2.6,Sunny
12/28/2024,98.76,7,Sunny
12/29/2024,97.44,9.17,Sunny
12/30/2024,84.54,9.83,Sunny
12/31/2024,89.23,7.27,Sunny
